expletive	anger	1
inept	anger	1
unfulfilled	anger	1
lynch	anger	1
agitation	anger	1
wrongdoing	anger	1
satanic	anger	1
militia	anger	1
bellows	anger	1
warden	anger	1
complicate	anger	1
opera	anger	1
death	anger	1
shoplifting	anger	1
excitation	anger	1
frenetic	anger	1
unlawful	anger	1
stifled	anger	1
miserable	anger	1
penalty	anger	1
obliterated	anger	1
reproach	anger	1
grated	anger	1
offender	anger	1
devastation	anger	1
wring	anger	1
dissension	anger	1
condemn	anger	1
explode	anger	1
thoughtless	anger	1
sting	anger	1
fleece	anger	1
vengeful	anger	1
danger	fear	1
danger	negative	1
danger	sadness	1
segregate	anger	1
subsidy	anger	1
abomination	anger	1
revolting	anger	1
exaggerate	anger	1
hellish	anger	1
disrespect	anger	1
delay	anger	1
delinquent	anger	1
crusade	anger	1
disgusting	anger	1
disobedient	anger	1
duel	anger	1
annihilate	anger	1
antisocial	anger	1
oppression	anger	1
banger	anger	1
banger	anticipation	1
banger	fear	1
banger	negative	1
banger	surprise	1
grumpy	anger	1
obliterate	anger	1
inequality	anger	1
dumps	anger	1
tree	anger	1
dismay	anger	1
mortality	anger	1
defy	anger	1
disease	anger	1
harassing	anger	1
accused	anger	1
bad	anger	1
skirmish	anger	1
gall	anger	1
combatant	anger	1
hot	anger	1
horrible	anger	1
frightful	anger	1
unfair	anger	1
tolerate	anger	1
coercion	anger	1
backbone	anger	1
adversary	anger	1
endanger	anticipation	1
endanger	fear	1
endanger	negative	1
misconception	anger	1
thump	anger	1
criminal	anger	1
devastating	anger	1
berserk	anger	1
blatant	anger	1
corrupting	anger	1
reversal	anger	1
bastion	anger	1
blast	anger	1
patter	anger	1
sickening	anger	1
halter	anger	1
shoot	anger	1
ruthless	anger	1
bloodshed	anger	1
blemish	anger	1
contradict	anger	1
frustrated	anger	1
loath	anger	1
opponent	anger	1
slave	anger	1
brunt	anger	1
stolen	anger	1
psychosis	anger	1
masochism	anger	1
sharpen	anger	1
deleterious	anger	1
intolerant	anger	1
damn	anger	1
torture	anger	1
provocation	anger	1
friction	anger	1
denunciation	anger	1
suicidal	anger	1
denounce	anger	1
shatter	anger	1
obstructive	anger	1
hostile	anger	1
clashing	anger	1
retribution	anger	1
bombard	anger	1
alcoholism	anger	1
displeased	anger	1
detract	anger	1
ranger	trust	1
unlucky	anger	1
ridiculous	anger	1
slut	anger	1
anarchism	anger	1
destroyed	anger	1
subversion	anger	1
horrific	anger	1
blockade	anger	1
cacophony	anger	1
shit	anger	1
slaughterhouse	anger	1
depressed	anger	1
manslaughter	anger	1
bickering	anger	1
grope	anger	1
executioner	anger	1
destroyer	anger	1
argumentation	anger	1
fits	anger	1
wreak	anger	1
imprisonment	anger	1
sullen	anger	1
litigious	anger	1
lunacy	anger	1
glaring	anger	1
strike	anger	1
ruinous	anger	1
ringer	anger	1
endless	anger	1
growling	anger	1
usurped	anger	1
persecute	anger	1
resistance	anger	1
spanking	anger	1
opposed	anger	1
arrogant	anger	1
nettle	anger	1
disappointed	anger	1
unthinkable	anger	1
harmful	anger	1
shaky	anger	1
loathe	anger	1
steal	anger	1
blackmail	anger	1
scoff	anger	1
illegal	anger	1
delusional	anger	1
foe	anger	1
lying	anger	1
belligerent	anger	1
detest	anger	1
loudness	anger	1
shiver	anger	1
money	anger	1
provoking	anger	1
misplace	anger	1
disagreeing	anger	1
awful	anger	1
kidnap	anger	1
sectarian	anger	1
ultimatum	anger	1
unsettled	anger	1
madness	anger	1
epidemic	anger	1
interrupt	anger	1
yelp	anger	1
cross	anger	1
falsification	anger	1
wretch	anger	1
fury	anger	1
dismissal	anger	1
muff	anger	1
snarl	anger	1
disclaim	anger	1
misbehavior	anger	1
slavery	anger	1
disaster	anger	1
ill	anger	1
noisy	anger	1
annoyance	anger	1
disagree	anger	1
armed	anger	1
suppress	anger	1
molestation	anger	1
deplorable	anger	1
animosity	anger	1
indifference	anger	1
banshee	anger	1
defense	anger	1
disservice	anger	1
elbow	anger	1
scar	anger	1
recession	anger	1
veto	anger	1
devil	anger	1
deserted	anger	1
leukemia	anger	1
homicide	anger	1
expel	anger	1
hit	anger	1
harry	anger	1
surcharge	anger	1
monstrosity	anger	1
mob	anger	1
trespass	anger	1
sedition	anger	1
liquor	anger	1
failing	anger	1
arson	anger	1
sordid	anger	1
disfigured	anger	1
traitor	anger	1
mournful	anger	1
mutiny	anger	1
brimstone	anger	1
averse	anger	1
remove	anger	1
intense	anger	1
slur	anger	1
immaturity	anger	1
morals	anger	1
dishonor	anger	1
destruction	anger	1
intruder	anger	1
resign	anger	1
infraction	anger	1
picket	anger	1
derogation	anger	1
disinformation	anger	1
eruption	anger	1
hurt	anger	1
crucifixion	anger	1
confiscate	anger	1
turbulence	anger	1
disgraceful	anger	1
aggressive	anger	1
powerful	anger	1
escalate	anger	1
tiff	anger	1
havoc	anger	1
sucker	anger	1
broken	anger	1
indict	anger	1
cutthroat	anger	1
powerless	anger	1
scorpion	anger	1
butcher	anger	1
whip	anger	1
concussion	anger	1
sabotage	anger	1
shun	anger	1
abandoned	anger	1
murder	anger	1
incompatible	anger	1
incredulous	anger	1
scare	anger	1
terrorist	anger	1
savagery	anger	1
lie	anger	1
cussed	anger	1
cane	anger	1
forearm	anger	1
incongruous	anger	1
wrecked	anger	1
bias	anger	1
suicide	anger	1
daemon	anger	1
scoundrel	anger	1
offended	anger	1
elimination	anger	1
stranger	fear	1
stranger	negative	1
remand	anger	1
banished	anger	1
libel	anger	1
repudiation	anger	1
crabby	anger	1
burke	anger	1
forsaken	anger	1
suppression	anger	1
furious	anger	1
torpedo	anger	1
irritability	anger	1
venomous	anger	1
deceived	anger	1
cash	anger	1
annihilation	anger	1
abolish	anger	1
beating	anger	1
paralysis	anger	1
fierce	anger	1
evade	anger	1
dishonest	anger	1
dangerous	fear	1
dangerous	negative	1
evil	anger	1
suffocation	anger	1
furor	anger	1
collision	anger	1
discrimination	anger	1
tempest	anger	1
retaliation	anger	1
shackle	anger	1
violently	anger	1
avarice	anger	1
incite	anger	1
insecure	anger	1
usurp	anger	1
curse	anger	1
dabbling	anger	1
slash	anger	1
anguish	anger	1
sentence	anger	1
teasing	anger	1
battled	anger	1
warrior	anger	1
vindicate	anger	1
devastate	anger	1
malign	anger	1
unforgiving	anger	1
annoying	anger	1
squelch	anger	1
gonorrhea	anger	1
worthless	anger	1
abhorrent	anger	1
thrash	anger	1
distrust	anger	1
dashed	anger	1
demolish	anger	1
contentious	anger	1
misrepresented	anger	1
taunt	anger	1
ribbon	anger	1
infamous	anger	1
constraint	anger	1
malicious	anger	1
mighty	anger	1
disgruntled	anger	1
hurtful	anger	1
misunderstanding	anger	1
sore	anger	1
communism	anger	1
revenge	anger	1
chant	anger	1
fight	anger	1
despair	anger	1
robbery	anger	1
smite	anger	1
gory	anger	1
deplore	anger	1
killing	anger	1
scarcity	anger	1
sizzle	anger	1
unjust	anger	1
scourge	anger	1
thug	anger	1
undesirable	anger	1
indecency	anger	1
sinner	anger	1
wrangling	anger	1
shell	anger	1
godless	anger	1
liberate	anger	1
assail	anger	1
fuming	anger	1
tyrant	anger	1
deceit	anger	1
throttle	anger	1
scorching	anger	1
senseless	anger	1
atrocious	anger	1
pound	anger	1
owing	anger	1
campaigning	anger	1
grating	anger	1
hateful	anger	1
snarling	anger	1
condescension	anger	1
raving	anger	1
turmoil	anger	1
overpriced	anger	1
frowning	anger	1
anathema	anger	1
hate	anger	1
moody	anger	1
feudalism	anger	1
underpaid	anger	1
buffet	anger	1
annihilated	anger	1
insulting	anger	1
warp	anger	1
outcry	anger	1
contempt	anger	1
adverse	anger	1
beast	anger	1
penitentiary	anger	1
meddle	anger	1
troll	anger	1
abuse	anger	1
punitive	anger	1
raid	anger	1
irritation	anger	1
punishing	anger	1
penetration	anger	1
outrage	anger	1
affront	anger	1
controversial	anger	1
terrible	anger	1
defraud	anger	1
betray	anger	1
quandary	anger	1
phony	anger	1
inoperative	anger	1
injury	anger	1
degeneracy	anger	1
inhuman	anger	1
bitch	anger	1
invader	anger	1
rampage	anger	1
gore	anger	1
threaten	anger	1
retaliate	anger	1
discontent	anger	1
clash	anger	1
wound	anger	1
traumatic	anger	1
saloon	anger	1
repellent	anger	1
resentment	anger	1
antithesis	anger	1
malevolent	anger	1
distress	anger	1
rocket	anger	1
belt	anger	1
violent	anger	1
picketing	anger	1
condemnation	anger	1
injure	anger	1
fuss	anger	1
shove	anger	1
overpowering	anger	1
offensive	anger	1
dictatorship	anger	1
cursing	anger	1
nag	anger	1
rebellion	anger	1
yell	anger	1
versus	anger	1
eradicate	anger	1
pessimism	anger	1
advocacy	anger	1
renegade	anger	1
diatribe	anger	1
shrill	anger	1
harshness	anger	1
troublesome	anger	1
spank	anger	1
brutal	anger	1
lawsuit	anger	1
court	anger	1
consternation	anger	1
combat	anger	1
supremacy	anger	1
intimidation	anger	1
assault	anger	1
disgraced	anger	1
haughty	anger	1
crushed	anger	1
rabid	anger	1
recalcitrant	anger	1
sisterhood	anger	1
compress	anger	1
threatening	anger	1
disastrous	anger	1
badger	anger	1
recidivism	anger	1
foul	anger	1
ordeal	anger	1
raging	anger	1
poverty	anger	1
bogus	anger	1
falsehood	anger	1
deserve	anger	1
tussle	anger	1
ransom	anger	1
abhor	anger	1
irate	anger	1
extinguish	anger	1
hunting	anger	1
poisonous	anger	1
strife	anger	1
bear	anger	1
overbearing	anger	1
incense	anger	1
assassin	anger	1
betrayal	anger	1
stingy	anger	1
coldness	anger	1
lash	anger	1
distracted	anger	1
difficulty	anger	1
bigot	anger	1
rating	anger	1
criticism	anger	1
prison	anger	1
damnation	anger	1
pest	anger	1
politics	anger	1
insurrection	anger	1
profanity	anger	1
fiend	anger	1
guilty	anger	1
shortage	anger	1
slayer	anger	1
enforce	anger	1
murderer	anger	1
mistress	anger	1
deterioration	anger	1
rascal	anger	1
poaching	anger	1
detainee	anger	1
negation	anger	1
volatility	anger	1
attack	anger	1
perverse	anger	1
broil	anger	1
tackle	anger	1
furiously	anger	1
bummer	anger	1
slay	anger	1
tripping	anger	1
uncontrollable	anger	1
conquest	anger	1
pry	anger	1
sham	anger	1
howl	anger	1
reprimand	anger	1
crunch	anger	1
pretending	anger	1
toughness	anger	1
vengeance	anger	1
limited	anger	1
unfriendly	anger	1
alienate	anger	1
despicable	anger	1
tariff	anger	1
scapegoat	anger	1
perpetrator	anger	1
slap	anger	1
youth	anger	1
commotion	anger	1
spite	anger	1
wasted	anger	1
theocratic	anger	1
antagonist	anger	1
unjustifiable	anger	1
harass	anger	1
cheat	anger	1
revoke	anger	1
standoff	anger	1
slaughter	anger	1
wince	anger	1
spear	anger	1
rifle	anger	1
assassination	anger	1
criticize	anger	1
vent	anger	1
argue	anger	1
malice	anger	1
standstill	anger	1
oust	anger	1
revolution	anger	1
frenzied	anger	1
untoward	anger	1
scolding	anger	1
hardened	anger	1
obstruct	anger	1
intolerance	anger	1
tremor	anger	1
rivalry	anger	1
antipathy	anger	1
disused	anger	1
indignation	anger	1
hopelessness	anger	1
rebel	anger	1
fluctuation	anger	1
divorce	anger	1
incest	anger	1
schizophrenia	anger	1
presumptuous	anger	1
lose	anger	1
noncompliance	anger	1
cursed	anger	1
enemy	anger	1
brazen	anger	1
holocaust	anger	1
treason	anger	1
hatred	anger	1
copycat	anger	1
paucity	anger	1
disapproving	anger	1
defect	anger	1
complain	anger	1
dupe	anger	1
confront	anger	1
reckless	anger	1
banish	anger	1
bloodthirsty	anger	1
fraud	anger	1
pernicious	anger	1
catastrophe	anger	1
vehement	anger	1
bitterness	anger	1
strangle	anger	1
objection	anger	1
confinement	anger	1
attorney	anger	1
reprisal	anger	1
explosive	anger	1
inimical	anger	1
revolver	anger	1
detonation	anger	1
ridicule	anger	1
depravity	anger	1
melodrama	anger	1
wench	anger	1
barrier	anger	1
jeopardize	anger	1
hostage	anger	1
strained	anger	1
inadmissible	anger	1
infantile	anger	1
eschew	anger	1
coerce	anger	1
madden	anger	1
adder	anger	1
growl	anger	1
restriction	anger	1
stone	anger	1
warlike	anger	1
obstacle	anger	1
huff	anger	1
accusation	anger	1
offend	anger	1
depraved	anger	1
perversion	anger	1
disgust	anger	1
cad	anger	1
myopia	anger	1
paralyzed	anger	1
spat	anger	1
riot	anger	1
intractable	anger	1
poison	anger	1
wireless	anger	1
rob	anger	1
burial	anger	1
vote	anger	1
blasphemous	anger	1
hostility	anger	1
atrocity	anger	1
riotous	anger	1
dame	anger	1
nasty	anger	1
wrongly	anger	1
aggression	anger	1
maniac	anger	1
jealousy	anger	1
shock	anger	1
impotence	anger	1
disapprove	anger	1
threat	anger	1
tumultuous	anger	1
irritable	anger	1
counsellor	anger	1
banishment	anger	1
smell	anger	1
tyrannical	anger	1
bigoted	anger	1
ulcer	anger	1
tirade	anger	1
obnoxious	anger	1
insult	anger	1
prisoner	anger	1
mastery	anger	1
altercation	anger	1
flagrant	anger	1
criminality	anger	1
blame	anger	1
recklessness	anger	1
deadly	anger	1
coup	anger	1
uprising	anger	1
rape	anger	1
jealous	anger	1
contemptuous	anger	1
tortious	anger	1
deprivation	anger	1
crushing	anger	1
theft	anger	1
massacre	anger	1
waffle	anger	1
punch	anger	1
alienation	anger	1
mutter	anger	1
mocking	anger	1
touchy	anger	1
indignant	anger	1
brutality	anger	1
unpaid	anger	1
suspicious	anger	1
callous	anger	1
revulsion	anger	1
bloody	anger	1
incendiary	anger	1
spiteful	anger	1
ungrateful	anger	1
armament	anger	1
trickery	anger	1
torment	anger	1
contemptible	anger	1
conspirator	anger	1
badness	anger	1
agony	anger	1
anxiety	anger	1
incase	anger	1
disappoint	anger	1
actionable	anger	1
earthquake	anger	1
stab	anger	1
dislike	anger	1
oppressive	anger	1
homeless	anger	1
dispute	anger	1
untrustworthy	anger	1
prosecute	anger	1
violence	anger	1
deranged	anger	1
malpractice	anger	1
inconvenient	anger	1
conflagration	anger	1
sneer	anger	1
discord	anger	1
pirate	anger	1
gallows	anger	1
repay	anger	1
surly	anger	1
scream	anger	1
venom	anger	1
litigate	anger	1
bugaboo	anger	1
nuisance	anger	1
gnome	anger	1
retract	anger	1
notoriety	anger	1
mule	anger	1
punished	anger	1
boisterous	anger	1
invasion	anger	1
cutting	anger	1
resent	anger	1
lagging	anger	1
desist	anger	1
dissolution	anger	1
busted	anger	1
convict	anger	1
punishment	anger	1
idiocy	anger	1
reject	anger	1
pervert	anger	1
oppressor	anger	1
hiss	anger	1
diabolical	anger	1
ram	anger	1
disturbed	anger	1
derision	anger	1
feud	anger	1
gruff	anger	1
martial	anger	1
misleading	anger	1
desert	anger	1
bully	anger	1
storm	anger	1
misery	anger	1
chaff	anger	1
simmer	anger	1
fatal	anger	1
insane	anger	1
odious	anger	1
boxing	anger	1
plunder	anger	1
victim	anger	1
dissonance	anger	1
screaming	anger	1
wasteful	anger	1
inattention	anger	1
bitterly	anger	1
scorn	anger	1
ambush	anger	1
grudge	anger	1
fallacious	anger	1
antagonism	anger	1
hysterical	anger	1
violation	anger	1
chaotic	anger	1
forcibly	anger	1
smash	anger	1
assailant	anger	1
attacking	anger	1
shoddy	anger	1
bane	anger	1
hanging	anger	1
deceive	anger	1
revolt	anger	1
blaze	anger	1
slam	anger	1
mosque	anger	1
disliked	anger	1
derogatory	anger	1
scold	anger	1
deportation	anger	1
stalemate	anger	1
loathsome	anger	1
hurting	anger	1
involution	anger	1
gun	anger	1
cannon	anger	1
confined	anger	1
indoctrination	anger	1
smother	anger	1
aftermath	anger	1
mangle	anger	1
honest	anger	1
combative	anger	1
morbidity	anger	1
preclude	anger	1
crazy	anger	1
aggravated	anger	1
mad	anger	1
infanticide	anger	1
rapping	anger	1
row	anger	1
treachery	anger	1
gang	anger	1
mislead	anger	1
decry	anger	1
antagonistic	anger	1
frustration	anger	1
irreconcilable	anger	1
screwed	anger	1
frustrate	anger	1
rook	anger	1
prick	anger	1
swastika	anger	1
gibberish	anger	1
possessed	anger	1
battalion	anger	1
jab	anger	1
pitfall	anger	1
egregious	anger	1
crazed	anger	1
disrespectful	anger	1
glare	anger	1
misstatement	anger	1
sinful	anger	1
opium	anger	1
battle	anger	1
menace	anger	1
disreputable	anger	1
assassinate	anger	1
immoral	anger	1
unequal	anger	1
terrorize	anger	1
clamor	anger	1
cancer	anger	1
desecration	anger	1
ferocity	anger	1
anger	anger	1
anger	negative	1
shot	anger	1
adversity	anger	1
tension	anger	1
skewed	anger	1
fear	anger	1
virulence	anger	1
demonic	anger	1
conflict	anger	1
indenture	anger	1
ruined	anger	1
perdition	anger	1
pare	anger	1
arguments	anger	1
rejection	anger	1
illegality	anger	1
arraignment	anger	1
compulsion	anger	1
fib	anger	1
quarrel	anger	1
destroying	anger	1
dispossessed	anger	1
intolerable	anger	1
hostilities	anger	1
depreciated	anger	1
angry	anger	1
gent	anger	1
victimized	anger	1
disturbance	anger	1
selfish	anger	1
choke	anger	1
immorality	anger	1
dying	anger	1
disagreement	anger	1
lightning	anger	1
disparaging	anger	1
nether	anger	1
avenger	anger	1
disobedience	anger	1
shooting	anger	1
words	anger	1
scrapie	anger	1
effigy	anger	1
defendant	anger	1
outburst	anger	1
profane	anger	1
restrain	anger	1
rail	anger	1
injurious	anger	1
wrongful	anger	1
dominate	anger	1
rave	anger	1
storming	anger	1
react	anger	1
pillage	anger	1
fugitive	anger	1
cruel	anger	1
dastardly	anger	1
cracked	anger	1
claw	anger	1
obliging	anger	1
sterling	anger	1
claimant	anger	1
lonely	anger	1
vendetta	anger	1
disparity	anger	1
ravenous	anger	1
disillusionment	anger	1
mosquito	anger	1
cruelly	anger	1
slaughtering	anger	1
onerous	anger	1
celebrity	anger	1
scandalous	anger	1
fighting	anger	1
foray	anger	1
rejects	anger	1
disallowed	anger	1
warfare	anger	1
poisoned	anger	1
mug	anger	1
hell	anger	1
deflate	anger	1
homicidal	anger	1
instinctive	anger	1
rage	anger	1
furnace	anger	1
shout	anger	1
enmity	anger	1
inconsiderate	anger	1
barbaric	anger	1
incompetent	anger	1
slander	anger	1
dictatorial	anger	1
witchcraft	anger	1
playful	anger	1
aggravation	anger	1
inhibit	anger	1
legalized	anger	1
coop	anger	1
villainous	anger	1
bee	anger	1
thundering	anger	1
sue	anger	1
bothering	anger	1
bearish	anger	1
barb	anger	1
kick	anger	1
hoax	anger	1
orchestra	anger	1
fee	anger	1
accusing	anger	1
darkness	anger	1
execution	anger	1
discriminate	anger	1
excite	anger	1
wreck	anger	1
contraband	anger	1
argument	anger	1
endangered	fear	1
endangered	negative	1
smack	anger	1
oblivion	anger	1
infidelity	anger	1
flog	anger	1
ferocious	anger	1
cruelty	anger	1
interminable	anger	1
bang	anger	1
belittle	anger	1
dislocated	anger	1
incurable	anger	1
carelessness	anger	1
incarceration	anger	1
duress	anger	1
kicking	anger	1
defiant	anger	1
distracting	anger	1
wrath	anger	1
soldier	anger	1
bankruptcy	anger	1
uncertain	anger	1
battery	anger	1
batter	anger	1
aversion	anger	1
disobey	anger	1
unsympathetic	anger	1
resisting	anger	1
tease	anger	1
bile	anger	1
agitated	anger	1
horrid	anger	1
willful	anger	1
obscenity	anger	1
inappropriate	anger	1
anarchy	anger	1
pow	anger	1
doomsday	anger	1
hood	anger	1
wimpy	anger	1
impermeable	anger	1
eradication	anger	1
inferno	anger	1
destructive	anger	1
unattainable	anger	1
delusion	anger	1
grab	anger	1
ire	anger	1
bark	anger	1
lawyer	anger	1
demon	anger	1
disgrace	anger	1
infidel	anger	1
damage	anger	1
opposition	anger	1
spine	anger	1
force	anger	1
aggressor	anger	1
accursed	anger	1
grievance	anger	1
displaced	anger	1
caution	anger	1
forbidding	anger	1
unhappy	anger	1
treat	anger	1
anarchist	anger	1
vicious	anger	1
brawl	anger	1
grumble	anger	1
accuser	anger	1
separatist	anger	1
casualty	anger	1
bayonet	anger	1
talons	anger	1
canker	anger	1
horror	anger	1
feeling	anger	1
complaint	anger	1
deny	anger	1
forfeit	anger	1
polemic	anger	1
exile	anger	1
humiliate	anger	1
menacing	anger	1
prejudicial	anger	1
sly	anger	1
aggravating	anger	1
manipulation	anger	1
insidious	anger	1
humbug	anger	1
fenced	anger	1
entangled	anger	1
unruly	anger	1
possession	anger	1
carnage	anger	1
vindictive	anger	1
witch	anger	1
abandonment	anger	1
nurture	anger	1
distressing	anger	1
grim	anger	1
dissident	anger	1
unfairness	anger	1
disparage	anger	1
moral	anger	1
depreciate	anger	1
dreadful	anger	1
disdain	anger	1
livid	anger	1
demand	anger	1
resentful	anger	1
illegitimate	anger	1
bomb	anger	1
animus	anger	1
lunatic	anger	1
losing	anger	1
antichrist	anger	1
cur	anger	1
censor	anger	1
terrorism	anger	1
restitution	anger	1
hoot	anger	1
vulgarity	anger	1
sarcasm	anger	1
rabble	anger	1
unkind	anger	1
eviction	anger	1
hating	anger	1
inexcusable	anger	1
upheaval	anger	1
shriek	anger	1
stripped	anger	1
insignificant	anger	1
savage	anger	1
stigma	anger	1
renounce	anger	1
firearms	anger	1
invade	anger	1
madman	anger	1
chaos	anger	1
lava	anger	1
payback	anger	1
asshole	anger	1
orc	anger	1
rheumatism	anger	1
tighten	anger	1
exacerbation	anger	1
enslaved	anger	1
elf	anger	1
disapproved	anger	1
prohibited	anger	1
remiss	anger	1
latent	anger	1
vampire	anger	1
injustice	anger	1
painful	anger	1
socialist	anger	1
unbridled	anger	1
allegation	anger	1
expulsion	anger	1
subjugation	anger	1
fervor	anger	1
treacherous	anger	1
birch	anger	1
extermination	anger	1
exasperation	anger	1
struggle	anger	1
thief	anger	1
skid	anger	1
fraudulent	anger	1
disqualified	anger	1
sneak	anger	1
illicit	anger	1
offense	anger	1
challenge	anger	1
disruption	anger	1
pique	anger	1
opinionated	anger	1
malignant	anger	1
bombardment	anger	1
subversive	anger	1
inflict	anger	1
irritating	anger	1
birthplace	anger	1
brute	anger	1
idiotic	anger	1
collusion	anger	1
musical	anger	1
persecution	anger	1
neglected	anger	1
murderous	anger	1
sinister	anger	1
jerk	anger	1
thresh	anger	1
uncaring	anger	1
despotism	anger	1
retaliatory	anger	1
despise	anger	1
guillotine	anger	1
smuggler	anger	1
wop	anger	1
vermin	anger	1
mutilation	anger	1
duplicity	anger	1
saber	anger	1
encumbrance	anger	1
intrusive	anger	1
grievous	anger	1
harbinger	anger	1
crime	anger	1
insufficiency	anger	1
confusion	anger	1
implicate	anger	1
insanity	anger	1
erupt	anger	1
domination	anger	1
defamatory	anger	1
imprisoned	anger	1
concealment	anger	1
involvement	anger	1
hamstring	anger	1
blasphemy	anger	1
bout	anger	1
nepotism	anger	1
sin	anger	1
greed	anger	1
defiance	anger	1
lawlessness	anger	1
confine	anger	1
loss	anger	1
oppress	anger	1
cranky	anger	1
tumult	anger	1
upset	anger	1
prejudice	anger	1
lace	anger	1
schism	anger	1
annoy	anger	1