tantalizing	joy	1
felicity	joy	1
lovable	joy	1
unbeaten	joy	1
superstar	joy	1
opera	joy	1
share	joy	1
hopeful	joy	1
excitation	joy	1
enchanting	joy	1
soundness	joy	1
twinkle	joy	1
bridegroom	joy	1
rhythmical	joy	1
surprise	joy	1
victory	joy	1
frolic	joy	1
triumph	joy	1
deal	joy	1
angelic	joy	1
commendable	joy	1
teach	joy	1
strengthening	joy	1
affluence	joy	1
white	joy	1
fidelity	joy	1
saint	joy	1
betrothed	joy	1
visitor	joy	1
doll	joy	1
perfect	joy	1
birth	joy	1
hedonism	joy	1
spouse	joy	1
erotic	joy	1
brilliant	joy	1
tree	joy	1
loving	joy	1
hug	joy	1
ecstatic	joy	1
symphony	joy	1
luck	joy	1
beach	joy	1
thriving	joy	1
inseparable	joy	1
virtuous	joy	1
advance	joy	1
benign	joy	1
lovemaking	joy	1
joyful	joy	1
joyful	positive	1
joyful	trust	1
succeed	joy	1
shopping	joy	1
forefathers	joy	1
hire	joy	1
fulfillment	joy	1
providing	joy	1
fortune	joy	1
reverie	joy	1
affection	joy	1
prosperous	joy	1
godsend	joy	1
jump	joy	1
splendid	joy	1
pride	joy	1
independence	joy	1
beautiful	joy	1
conciliation	joy	1
endless	joy	1
zest	joy	1
savor	joy	1
purify	joy	1
heartily	joy	1
celebrated	joy	1
jovial	joy	1
trophy	joy	1
recreation	joy	1
kind	joy	1
birthday	joy	1
child	joy	1
comfort	joy	1
pretty	joy	1
clown	joy	1
jest	joy	1
medal	joy	1
intelligence	joy	1
expedient	joy	1
goodness	joy	1
bounty	joy	1
special	joy	1
joker	joy	1
compliment	joy	1
money	joy	1
pleasant	joy	1
ordination	joy	1
preservative	joy	1
choir	joy	1
overjoyed	joy	1
overjoyed	positive	1
nursery	joy	1
flattering	joy	1
bridesmaid	joy	1
rescue	joy	1
confident	joy	1
prestige	joy	1
oasis	joy	1
good	joy	1
swim	joy	1
dance	joy	1
marvelously	joy	1
fondness	joy	1
liquor	joy	1
improvement	joy	1
respect	joy	1
music	joy	1
praiseworthy	joy	1
improve	joy	1
resources	joy	1
climax	joy	1
laughing	joy	1
merry	joy	1
infant	joy	1
yearning	joy	1
enthusiast	joy	1
rekindle	joy	1
intense	joy	1
morals	joy	1
award	joy	1
heavens	joy	1
harmony	joy	1
happiness	joy	1
intimate	joy	1
adorable	joy	1
bliss	joy	1
clap	joy	1
powerful	joy	1
organ	joy	1
salary	joy	1
inviting	joy	1
accomplished	joy	1
obtainable	joy	1
applause	joy	1
rapt	joy	1
esteem	joy	1
baby	joy	1
liberation	joy	1
friendship	joy	1
revel	joy	1
romp	joy	1
organization	joy	1
hobby	joy	1
lyre	joy	1
charmed	joy	1
amnesty	joy	1
pay	joy	1
picnic	joy	1
banquet	joy	1
courtship	joy	1
witty	joy	1
cash	joy	1
authentic	joy	1
illuminate	joy	1
exciting	joy	1
completion	joy	1
uplift	joy	1
edification	joy	1
balm	joy	1
pray	joy	1
praise	joy	1
journey	joy	1
animated	joy	1
fitting	joy	1
buddy	joy	1
choral	joy	1
grant	joy	1
achievement	joy	1
enlightenment	joy	1
confidence	joy	1
established	joy	1
enthusiasm	joy	1
magical	joy	1
retirement	joy	1
kiss	joy	1
winning	joy	1
ribbon	joy	1
mighty	joy	1
restorative	joy	1
heal	joy	1
hilarious	joy	1
outstanding	joy	1
beauty	joy	1
chant	joy	1
perfection	joy	1
chirp	joy	1
abundance	joy	1
companion	joy	1
harvest	joy	1
exuberance	joy	1
equality	joy	1
symmetry	joy	1
liberate	joy	1
wonderful	joy	1
amicable	joy	1
tinsel	joy	1
allure	joy	1
vow	joy	1
blissful	joy	1
notable	joy	1
raving	joy	1
gem	joy	1
create	joy	1
romance	joy	1
ministry	joy	1
cove	joy	1
communion	joy	1
inauguration	joy	1
demonstrative	joy	1
lover	joy	1
marry	joy	1
childhood	joy	1
optimism	joy	1
remarkable	joy	1
exalted	joy	1
clean	joy	1
feat	joy	1
undying	joy	1
invite	joy	1
hurrah	joy	1
heroism	joy	1
genial	joy	1
dolphin	joy	1
thanksgiving	joy	1
healing	joy	1
festive	joy	1
entertain	joy	1
harmoniously	joy	1
kindred	joy	1
art	joy	1
roadster	joy	1
ardent	joy	1
grin	joy	1
jackpot	joy	1
orgasm	joy	1
commemoration	joy	1
salute	joy	1
ambition	joy	1
laughter	joy	1
bridal	joy	1
sonorous	joy	1
luxury	joy	1
reverend	joy	1
excel	joy	1
acrobat	joy	1
unsurpassed	joy	1
pleased	joy	1
revels	joy	1
radiance	joy	1
admirable	joy	1
respite	joy	1
favorable	joy	1
ditty	joy	1
romantic	joy	1
befriend	joy	1
zeal	joy	1
advocacy	joy	1
angel	joy	1
adore	joy	1
hilarity	joy	1
opportune	joy	1
promise	joy	1
civilized	joy	1
supremacy	joy	1
progression	joy	1
grow	joy	1
masterpiece	joy	1
bountiful	joy	1
delighted	joy	1
closure	joy	1
amen	joy	1
sensual	joy	1
amusing	joy	1
immaculate	joy	1
food	joy	1
vacation	joy	1
commemorate	joy	1
frisky	joy	1
labor	joy	1
starry	joy	1
scholarship	joy	1
sublimation	joy	1
delicious	joy	1
shining	joy	1
exalt	joy	1
reverence	joy	1
nap	joy	1
devout	joy	1
hardy	joy	1
brotherly	joy	1
abundant	joy	1
enlighten	joy	1
prosper	joy	1
compensate	joy	1
inspired	joy	1
alive	joy	1
crescendo	joy	1
closeness	joy	1
friend	joy	1
youth	joy	1
garden	joy	1
heartfelt	joy	1
luster	joy	1
gladness	joy	1
tranquility	joy	1
evergreen	joy	1
true	joy	1
winner	joy	1
sparkle	joy	1
festival	joy	1
fraternal	joy	1
happily	joy	1
flirt	joy	1
winnings	joy	1
romanticism	joy	1
fancy	joy	1
glide	joy	1
glow	joy	1
marrow	joy	1
sensational	joy	1
cradle	joy	1
finally	joy	1
meritorious	joy	1
successful	joy	1
peace	joy	1
purr	joy	1
cathedral	joy	1
cheering	joy	1
bloom	joy	1
amusement	joy	1
majority	joy	1
treasure	joy	1
appreciation	joy	1
aspire	joy	1
saintly	joy	1
cream	joy	1
highest	joy	1
peaceful	joy	1
greatness	joy	1
praised	joy	1
sunny	joy	1
untie	joy	1
football	joy	1
readiness	joy	1
privileged	joy	1
voluptuous	joy	1
ecstasy	joy	1
silly	joy	1
miracle	joy	1
luscious	joy	1
tenderness	joy	1
favorite	joy	1
humanitarian	joy	1
marvelous	joy	1
sanctuary	joy	1
baptismal	joy	1
ceremony	joy	1
parade	joy	1
gratitude	joy	1
precious	joy	1
champion	joy	1
playground	joy	1
happy	joy	1
green	joy	1
eagerness	joy	1
entertainment	joy	1
vote	joy	1
deliverance	joy	1
proficiency	joy	1
blessings	joy	1
healthful	joy	1
vernal	joy	1
lamb	joy	1
excitement	joy	1
immerse	joy	1
memorable	joy	1
honeymoon	joy	1
amused	joy	1
godly	joy	1
save	joy	1
magnificent	joy	1
salvation	joy	1
hope	joy	1
marriage	joy	1
firstborn	joy	1
dawn	joy	1
mastery	joy	1
aesthetics	joy	1
majestic	joy	1
elite	joy	1
god	joy	1
merriment	joy	1
church	joy	1
resplendent	joy	1
entertaining	joy	1
diary	joy	1
jubilant	joy	1
inspiration	joy	1
sonnet	joy	1
sanctification	joy	1
holiness	joy	1
reconciliation	joy	1
visionary	joy	1
consecration	joy	1
score	joy	1
venerable	joy	1
delightful	joy	1
princely	joy	1
proud	joy	1
gorgeous	joy	1
grandchildren	joy	1
engaged	joy	1
generosity	joy	1
jubilee	joy	1
fulfill	joy	1
picturesque	joy	1
procession	joy	1
repay	joy	1
midwife	joy	1
boisterous	joy	1
victorious	joy	1
accolade	joy	1
electric	joy	1
daughter	joy	1
mirth	joy	1
exceed	joy	1
tender	joy	1
freely	joy	1
eager	joy	1
sweet	joy	1
priesthood	joy	1
utopian	joy	1
calf	joy	1
completing	joy	1
bouquet	joy	1
exhilaration	joy	1
crowning	joy	1
glee	joy	1
bride	joy	1
enliven	joy	1
aspiration	joy	1
meditate	joy	1
unification	joy	1
familiarity	joy	1
spaniel	joy	1
rejoice	joy	1
captivate	joy	1
vivid	joy	1
engaging	joy	1
gratify	joy	1
reward	joy	1
friendly	joy	1
hero	joy	1
liking	joy	1
honest	joy	1
thrill	joy	1
liberty	joy	1
sex	joy	1
faith	joy	1
beam	joy	1
classics	joy	1
practiced	joy	1
diamond	joy	1
sympathetic	joy	1
income	joy	1
entertained	joy	1
absolution	joy	1
prevail	joy	1
matrimony	joy	1
massage	joy	1
beautify	joy	1
toast	joy	1
heavenly	joy	1
glimmer	joy	1
fortitude	joy	1
adoration	joy	1
cheer	joy	1
celebrating	joy	1
fun	joy	1
auspicious	joy	1
admiration	joy	1
illumination	joy	1
kitten	joy	1
buss	joy	1
achieve	joy	1
elevation	joy	1
approve	joy	1
heyday	joy	1
friendliness	joy	1
amour	joy	1
whim	joy	1
safe	joy	1
vindication	joy	1
star	joy	1
outburst	joy	1
gift	joy	1
elegance	joy	1
rave	joy	1
gain	joy	1
bless	joy	1
giggle	joy	1
graduation	joy	1
obliging	joy	1
sterling	joy	1
blossom	joy	1
ejaculation	joy	1
bonus	joy	1
enchanted	joy	1
destination	joy	1
triumphant	joy	1
celebrity	joy	1
succeeding	joy	1
smiling	joy	1
glorification	joy	1
lucky	joy	1
rollicking	joy	1
passion	joy	1
reproductive	joy	1
accompaniment	joy	1
transcendence	joy	1
synchronize	joy	1
pastor	joy	1
laurels	joy	1
motherhood	joy	1
helpful	joy	1
basketball	joy	1
candid	joy	1
rapture	joy	1
young	joy	1
thankful	joy	1
laugh	joy	1
playful	joy	1
legalized	joy	1
humanity	joy	1
bonanza	joy	1
welcomed	joy	1
content	joy	1
orchestra	joy	1
volunteer	joy	1
enjoying	anticipation	1
enjoying	joy	1
enjoying	positive	1
enjoying	trust	1
miraculous	joy	1
recreational	joy	1
excite	joy	1
rising	joy	1
fiesta	joy	1
veracity	joy	1
spirits	joy	1
embrace	joy	1
satisfied	joy	1
receiving	joy	1
excellent	joy	1
renovation	joy	1
sunshine	joy	1
rejoicing	joy	1
amazingly	joy	1
charitable	joy	1
luxurious	joy	1
sanctify	joy	1
superman	joy	1
cheery	joy	1
pledge	joy	1
cherish	joy	1
tickle	joy	1
vitality	joy	1
hymn	joy	1
wages	joy	1
charity	joy	1
revere	joy	1
glorify	joy	1
tranquil	joy	1
aspiring	joy	1
exquisite	joy	1
simplify	joy	1
sing	joy	1
treat	joy	1
sensuality	joy	1
benevolence	joy	1
encourage	joy	1
love	joy	1
generous	joy	1
possess	joy	1
feeling	joy	1
progress	joy	1
weight	joy	1
paragon	joy	1
magnificence	joy	1
smile	joy	1
excited	joy	1
playhouse	joy	1
connoisseur	joy	1
joyous	joy	1
joyous	positive	1
zealous	joy	1
presto	joy	1
wealth	joy	1
brighten	joy	1
nurture	joy	1
beautification	joy	1
inspire	joy	1
lyrical	joy	1
unexpected	joy	1
carol	joy	1
wonderfully	joy	1
exaltation	joy	1
congratulatory	joy	1
darling	joy	1
sun	joy	1
worship	joy	1
splendor	joy	1
revival	joy	1
gush	joy	1
glory	joy	1
sensuous	joy	1
serenity	joy	1
coronation	joy	1
radiant	joy	1
cheerful	joy	1
complement	joy	1
emancipation	joy	1
chocolate	joy	1
heroic	joy	1
atone	joy	1
beer	joy	1
soothing	joy	1
whiteness	joy	1
chuckle	joy	1
humorous	joy	1
inheritance	joy	1
glad	joy	1
freedom	joy	1
remedy	joy	1
blessed	joy	1
fervor	joy	1
celestial	joy	1
kudos	joy	1
holiday	joy	1
thrilling	joy	1
joy	joy	1
joy	positive	1
mother	joy	1
beaming	joy	1
glitter	joy	1
pleasurable	joy	1
vivacious	joy	1
advent	joy	1
fete	joy	1
infinity	joy	1
whimsical	joy	1
fain	joy	1
cheerfulness	joy	1
musical	joy	1
intimately	joy	1
therapeutic	joy	1
found	joy	1
excellence	joy	1
accomplish	joy	1
enchant	joy	1
supporter	joy	1
elegant	joy	1
dove	joy	1
spa	joy	1
present	joy	1
fanfare	joy	1
amuse	joy	1
sweetheart	joy	1
passionate	joy	1
leisure	joy	1
enjoy	anticipation	1
enjoy	joy	1
enjoy	positive	1
enjoy	trust	1
astonishment	joy	1
lovely	joy	1
elated	joy	1
aloha	joy	1
pastry	joy	1
cuddle	joy	1
victor	joy	1
loyal	joy	1
delight	joy	1
blessing	joy	1
sweets	joy	1
celebration	joy	1
unconstrained	joy	1
success	joy	1
salutary	joy	1
quaint	joy	1
truce	joy	1